{
  "project_info": {
    "project_number": "288853841294",
    "firebase_url": "https://newsapi-final.firebaseio.com",
    "project_id": "newsapi-final",
    "storage_bucket": "newsapi-final.appspot.com"
  },
  "client": [
    {
      "client_info": {
        "mobilesdk_app_id": "1:288853841294:android:c6fba533d355473b",
        "android_client_info": {
          "package_name": "com.example.news_api_final1"
        }
      },
      "oauth_client": [
        {
          "client_id": "288853841294-8fms9mead58dg4iuggtar0ghsta48b55.apps.googleusercontent.com",
          "client_type": 1,
          "android_info": {
            "package_name": "com.example.news_api_final1",
            "certificate_hash": "df7b01958d1b0ced2860f761f248ce235962d3c7"
          }
        },
        {
          "client_id": "288853841294-r3td9np8o1q1ncudlvtoihpvttop152d.apps.googleusercontent.com",
          "client_type": 3
        }
      ],
      "api_key": [
        {
          "current_key": "AIzaSyCjYHx0QfN3d7wrUoMmlyX8uPo3N9sevrA"
        }
      ],
      "services": {
        "appinvite_service": {
          "other_platform_oauth_client": [
            {
              "client_id": "288853841294-r3td9np8o1q1ncudlvtoihpvttop152d.apps.googleusercontent.com",
              "client_type": 3
            }
          ]
        }
      }
    }
  ],
  "configuration_version": "1"
}